TITLE, YEAR, RATING
"Sonic the Hedgehog", 2020, 2
"Ad Astra", 2019, 2
"Into the Forest", 2016, 3
"Nausicaa of the Valley of Wind", 1985, 4
"Princess Mononoke", 1999, 4
"Color Out of Space", 2020, 3
"Knives Out", 2019, 4
"Kiki's Delivery Service", 1989, 5
"Terminator: Dark Fate", 2019, 1
"Unforgiven", 1992, 1
"Manchester by the Sea", 2016, 4
"Jojo Rabbit", 2019, 1
"Ford v Ferrari", 2019, 1
"Castle in the Sky", 1989, 2
"Porco Rosso", 1992, 2
"The Quick and the Dead", 1995, 2
"The Meyerowitz Stories (New and Selected)", 2017, 4
"Tucker: The Man and His Dream", 1988, 3
"Parasite", 2019, 5
"The Lighthouse", 2019, 4
"The Magnificent Seven", 2016, 2
"Logan Lucky", 2017, 3
"Star Wars: The Rise of Skywalker", 2019, 1 
"Zombieland: Double Tap", 2019, 1
"6 Underground", 2019, 1
"It: Chapter Two", 2019, 1
"The Irishman", 2019, 1
"The Laundromat", 2019, 2
"Spider-Man: Homecoming", 2017, 4 
"Spider-Man: Far from Home", 2019, 2
"Prospect", 2018, 1
"I Am Mother", 2019, 2
"Smallfoot", 2018, 4
"John Wick: Chapter 3 - Parabellum", 2019, 1
"Once Upon a Time in Hollywood", 2019, 2
"Aladdin", 2019, 1
"Elisa & Marcela", 2019, 3
"Shazam!", 2019, 3
"Godzilla: King of the Monsters", 2019, 3
"Pet Sematary", 2019, 1
"The Lost Caravaggio", 2018, 2
"The Wandering Earth", 2019, 4
"Jack Reacher: Never Go Back", 2016, 1 
"Avengers: Endgame", 2019, 5
"Jack Reacher", 2012, 1
"Dreams", 1990, 4
"Ant-Man and The Wasp", 2018, 3
"Solo: A Star Wars Story", 2018, 1
"Extinction", 2018, 2
"Crimson Peak", 2015, 4
"How It Ends", 2018, 4
"Deadpool 2", 2018, 2
"Yojimbo", 1961, 2
"Harakiri", 1962, 5
"Rampage", 2018, 1
"The 47 Ronin", 1941, 4
"Das Boot", 1981, 5
"Sanjuro", 1963, 3
"Bicycle Thieves", 1949, 4
"Ready Player One", 2018, 1
"The Bad Batch", 2017, 4
"Village of the Damned", 1995, 1
"Anon", 2018, 1
"1917", 2020, 1
"Only Yesterday", 1991, 5
"Atomic Blonde", 2017, 1
"Bad Boys for Life", 2020, 1
"The Andromeda Strain", 1971, 3
"Moana", 2016, 4
"Terminator: Genisys", 2015, 1
"The Invisible Man", 2020, 3
"The Platform", 2020, 4
"The Report", 2019, 4
"Spirited Away", 2002, 3
"Spenser Confidential", 2020, 1
"Silverado", 1985, 1
"The Wolfman", 2010, 1
"Skyscraper", 2018, 2
"The Wind Rises", 2014, 3
"Anchorman 2: The Legend Continues", 2013, 1
"Glass", 2019, 4
"The Incredible Burt Wonderstone", 2013, 3
"Hell or High Water", 2016, 3
"10 Cloverfield Lane", 2016, 4
"Hold the Dark", 2018, 4
"A Star Is Born", 2018, 4
"First Man", 2018, 5
"Bohemian Rhapsody", 2018, 2
"Mission: Impossible - Fallout", 2018, 2
"Outlaw King", 2018, 3
"Venom", 2018, 1
"The Predator", 2018, 1
"Bird Box", 2018, 1
"Halloween", 2018, 4
"Noah", 2014, 1
"Mandy", 2018, 4
"The Lobster", 2016, 4
"Io", 2019, 1
"Roma", 2018, 5
"Green Book", 2018, 3
"The Ballad of Buster Scruggs", 2018, 4
"The Life Aquatic with Steve Zissou", 2004, 4
"The Boy Who Harnessed the Wind", 2019, 4
"Bleach", 2018, 3
"Popstar: Never Stop Never Stopping", 2016, 4
"Aquaman", 2018, 2
"Mortal Engines", 2018, 1
"Triple Frontier", 2019, 1
"The Harder They Come", 1973, 4
"Message from the King", 2016, 1
"A Quiet Place", 2018, 4
"Team America: World Police", 2004, 5
"Alexander and the Terrible, Horrible, No Good, Very Bad Day", 2014, 3
"Robin Hood: Men in Tights", 1993, 1
"Rudy", 1993, 4
"The Natural", 1984, 4
"The Post", 2018, 2
"The Disaster Artist", 2017, 3
"Battle of the Sexes", 2017, 2
"McFarland USA", 2015, 3
"Super", 2011, 1
"Superman Returns", 2006, 2
"Superstar", 1999, 1
"Coach Carter", 2005, 1
"Only the Brave", 2017, 5
"Avengers: Infinity War", 2018, 4
"The Week Of", 2018, 1
"A Walk In The Woods", 2015, 3
"Cooties", 2015, 2
"Dinner for Schmucks", 2010, 3
"Free State of Jones", 2016, 3
"Tower Heist", 2011, 3
"Tracks", 2014, 4
"8 Mile", 2002, 3
"The Change-Up", 2011, 3
"Pacific Rim Uprising", 2018, 1
"Cargo", 2018, 1
"Steel Rain", 2017, 4
"Red Sparrow", 2018, 3
"Tomb Raider", 2018, 1
"Malcolm X", 1992, 3
"Seven Samurai (Shichinin no Samurai)", 1956, 4
"Borg Vs. McEnroe", 2018, 4
"The Shape of Water", 2017, 1
"The Invisible Guest (Contratiempo)", 2017, 3
"Black Panther", 2018, 3
"Mute", 2018, 3
"Downsizing", 2017, 3
"1922", 2017, 2
"The Outsider", 2018, 1
"The Rainmaker", 1997, 1
"Annihilation", 2018, 3
"I, Tonya", 2018, 4
"My Bodyguard", 1980, 3
"The Foreigner", 2017, 3
"Jumanji: Welcome to the Jungle", 2017, 2
"The Ten Commandments", 1956, 3
"Get Out", 2017, 4
"Eddie The Eagle", 2016, 4
"Robin Hood", 2010, 2
"The Titan", 2018, 1
"The Last King", 2016, 2
"mother!", 2017, 4
"Blade Runner 2049", 2017, 3
"The Dark Tower", 2017, 1
"Valerian and the City of a Thousand Planets", 2017, 1
"Jim & Andy: The Great Beyond - Featuring a Very Special, Contractually Obligated Mention of Tony Clifton", 2017, 4
"Baby Driver", 2017, 2
"Transformers: Age of Extinction", 2014, 1
"Transformers: The Last Knight", 2017, 1
"American Made", 2017, 1
"The Last Witch Hunter", 2015, 1
"Bright", 2017, 2
"Concussion", 2015, 3
"Geo-Disaster", 2017, 1
"John Carpenter's Escape from L.A.", 1996, 2
"The Polka King", 2017, 3
"The Cloverfield Paradox", 2018, 1
"The Nice Guys", 2016, 2
"La La Land", 2016, 3
"Drive", 2011, 4
"'71", 2015, 4
"Life", 2017, 2
"The Founder", 2017, 1
"Against The Sun", 2015, 3
"Olga", 2004, 2
"Alien: Covenant", 2017, 1
"Besouro", 2009, 3
"Raw", 2017, 4
"Death Note", 2017, 4
"Silence", 2017, 1
"Centurion", 2010, 2
"Wonder Woman", 2017, 2
"It", 2017, 1
"Tag (Riaru Onigokko)", 2015, 4
"Beasts of No Nation", 2015, 3
"Resident Evil: The Final Chapter", 2017, 1
"The Visit", 2015, 3
"Under the Skin", 2014, 3
"Split", 2017, 3
"Ghost in the Shell", 1996, 4
"Ghost in the Shell", 2017, 1
"Cell", 2016, 2
"Hardcore Henry", 2016, 4
"Lion", 2016, 5
"The Danish Girl", 2015, 5
"Thor: The Dark World", 2013, 3
"Sandy Wexler", 2017, 3
"Blackhat", 2015, 3
"Tremors", 1990, 3
"Final Girl", 2015, 1
"Extinction", 2015, 4
"Our Idiot Brother", 2011, 4
"Bone Tomahawk", 2015, 4
"Non-Stop", 2014, 2
"Emelie", 2016, 1
"War Machine", 2017, 1
"Into The Forest", 2016, 3
"Left Behind", 2014, 1
"Exposed", 2016, 3
"Fracture", 2007, 3
"Air", 2015, 1
"The Wave (Bolgen)", 2016, 1
"Hidden Figures", 2017, 4
"Kong: Skull Island", 2017, 1
"Ben-Hur", 1959, 5
"Sully", 2016, 4
"Suicide Squad", 2016, 1
"Train to Busan (Busanhaeng)", 2016, 3
"The Thing", 1982, 3
"Prisoners", 2013, 4
"Captain Fantastic", 2016, 4
"Hacksaw Ridge", 2016, 2
"Moonlight", 2016, 2
"Passengers", 2016, 1
"Nocturnal Animals", 2016, 5
"American Hustle", 2013, 3
"Spectral", 2016, 2
"Faroeste caboclo (Brazilian Western)", 2013, 4
"Logan", 2017, 3
"Fences", 2016, 5
"Rogue One: A Star Wars Story", 2016, 4
"Star Trek Beyond", 2016, 3
"The Jungle Book", 2016, 2
"Independence Day: Resurgence", 2016, 1
"London Has Fallen", 2016, 1
"Daddy's Home", 2015, 3
"Warcraft", 2016, 1
"Central Intelligence", 2016, 1
"Money Monster", 2016, 1
"Doctor Strange", 2016, 4
"Arrival", 2016, 5
"Young Ones", 2014, 5
"I Love You Phillip Morris", 2010, 2
"The Hateful Eight", 2015, 3
"The Second Mother (Que Horas Ela Volta?)", 2015, 4
"Bicho de Sete Cabeças (Brainstorm)", 2001, 5
"Waste Land", 2010, 5
"Ilha das Flores (Isle of Flowers)", 2015, 5
"Orfeu", 2000, 1
"Super Xuxa Contra o Baixo Astral ", 1991, 4
"Lua de Cristal ", 1992, 3
"Villa-Lobos - Uma Vida de Paixão (Villa-Lobos: A Life of Passion)", 2000, 2
"Bus 174 (Ônibus 174)", 2003, 5
"Cazuza: O tempo não pára", 2001, 2
"The Year My Parents Went on Vacation (O Ano em Que Meus Pais Saíram de Férias)", 2006, 3
"A Mulher Invisível", 2009, 1
"Jean Charles", 2009, 4
"Four Days in September (O Que É Isso, Companheiro?)", 1997, 3
"The Clown", 2012, 3
"Bruna Surfistinha (Little Surfer Girl)", 2011, 1
"Xingu", 2014, 4
"O Som ao Redor (Neighbouring Sounds)", 2012, 1
"Two Rabbits (2 Coelhos)", 2012, 3
"Carlota Joaquina, Princess of Brazil", 1995, 3
"Ó Paí, Ó", 2007, 3
"Elite Squad: The Enemy Within", 2011, 5
"Ghostbusters", 2016, 3
"What We Do In The Shadows", 2015, 5
"Sneakers", 1992, 1
"Midnight Special", 2016, 2
"Hail, Caesar!", 2016, 2
"He Never Died", 2015, 3
"The Big Short", 2015, 4
"The Snowtown Murders", 2012, 3
"Meru", 2015, 3
"The Do-Over", 2016, 3
"Equilibrium", 2002, 2
"X-Men: Apocalypse", 2016, 1
"ARQ", 2016, 2
"The Signal", 2014, 3
"Batman v Superman: Dawn of Justice", 2016, 3
"Gods Of Egypt", 2016, 2
"The Witch", 2016, 5
"Amy", 2015, 3
"Dune", 1984, 4
"The Other Guys", 2010, 4
"The Lincoln Lawyer", 2011, 3
"The Revenant", 2015, 3
"The Captive", 2014, 2
"No Escape", 2015, 2
"The Lazarus Effect", 2015, 1
"Creed", 2015, 1
"The Good Dinosaur", 2015, 1
"Interstellar", 2014, 5
"In the Heart of the Sea", 2015, 3
"Spotlight", 2015, 3
"The Peanuts Movie", 2015, 4
"47 Ronin", 2013, 1
"Spectre", 2015, 1
"Escape Plan", 2013, 2
"Heat", 1995, 4
"Red Tails", 2012, 1
"Walk the Line", 2005, 4
"Outlander", 2009, 1
"Mission: Impossible Rogue Nation", 2015, 1
"San Andreas", 2015, 1
"13 Assassins", 2011, 3
"Star Wars: Episode VII - The Force Awakens", 2015, 3
"Network", 1976, 5
"Southpaw", 2015, 3
"Knowing", 2009, 1
"The Call", 2013, 1
"Walt Before Mickey", 2015, 2
"Primal Fear", 1996, 3
"Kiss The Girls", 1997, 1
"Rounders", 1998, 2
"The Cobbler", 2015, 2
"John Wick", 2014, 3
"The Ridiculous 6", 2015, 1
"The Cave", 2005, 3
"Hot Tub Time Machine", 2010, 3
"Midnight Cowboy", 1969, 4
"Self/less", 2015, 1
"Kill Bill: Volume 2", 2004, 1
"Kill Bill: Volume 1", 2003, 3
"Changeling", 2008, 3
"Chinese Connection 2", 1976, 3
"Big Boss", 1981, 1
"In Bruges", 2008, 1
"Woman in Gold", 2015, 2
"The Water Diviner", 2015, 1
"Planet Terror (Grindhouse Presents: Robert Rodriguez's Planet Terror)", 2007, 4
"Meet Joe Black", 1998, 2
"Moneyball", 2011, 3
"True Story", 2015, 1
"Raging Bull", 1980, 1
"R.I.P.D.", 2013, 3
"Robot & Frank", 2012, 4
"An American Crime", 2007, 4
"American History X", 1998, 5
"Timeline", 2003, 1
"It's a Wonderful Life", 1946, 5
"Ida", 2014, 2
"John Dies at the End", 2013, 1
"Gandhi", 1982, 4
"Seeking a Friend for the End of the World", 2012, 1
"Eat Pray Love", 2010, 1
"To Kill A Mockingbird", 1962, 4
"Let Me In", 2010, 2
"Once Upon a Time in the West", 1968, 5
"Safety Not Guaranteed", 2012, 1
"Unfriended", 2015, 3
"Witness", 1985, 3
"Amistad", 1997, 2
"Men in Black III", 2012, 3
"The Martian", 2015, 4
"The Intouchables", 2012, 3
"Wet Hot American Summer", 2001, 4
"Tomorrowland", 2015, 1
"Ex Machina", 2015, 1
"Everest", 2015, 3
"Saints and Soldiers", 2004, 1
"Stealth", 2005, 1
"Serpico", 1973, 4
"Soul Surfer", 2011, 2
"Gifted Hands: The Ben Carson Story", 2009, 3
"Chef", 2014, 4
"50/50", 2011, 5
"Zero Dark Thirty", 2013, 3
"Parallels", 2015, 3
"Avengers: Age of Ultron", 2015, 1
"Far From the Madding Crowd", 2015, 1
"The Conjuring", 2013, 1
"The LEGO Movie", 2014, 3
"The Age of Adaline", 2015, 4
"American Sniper", 2015, 1
"Little Shop of Horrors", 1986, 4
"End of Watch", 2012, 3
"John Carter", 2012, 1
"Jupiter Ascending", 2015, 1
"Fury", 2014, 3
"It Follows", 2015, 2
"Still Alice", 2015, 2
"Ant-Man", 2015, 4
"The Imitation Game", 2014, 2
"Nymphomaniac: Volume II", 2014, 0
"While We're Young", 2015, 2
"The Way Back", 2011, 4
"Inside Out", 2015, 4
"Kung Fury", 2015, 5
"Mad Max: Fury Road", 2015, 5
"The Theory of Everything", 2014, 2
"The Motorcycle Diaries", 2004, 3
"The East", 2013, 2
"The Impossible", 2012, 2
"The Maze Runner", 2014, 1
"Foxcatcher", 2014, 2
"Snowpiercer", 2014, 1
"Big Hero 6", 2014, 2
"Wild", 2014, 3
"22 Jump Street", 2014, 4
"Ender's Game", 2013, 1
"Birdman", 2014, 1
"Night at the Museum: Secret of the Tomb", 2014, 1
"Nightcrawler", 2014, 2
"Whiplash", 2014, 5
"The Interview", 2014, 2
"Silver Linings Playbook", 2012, 3
"Gone Girl", 2014, 5
"Rescue Dawn", 2007, 2
"Explorers", 1985, 3
"The SpongeBob Movie: Sponge Out of Water", 2015, 1
"Boyz n the Hood", 1991, 2
"Road House", 1989, 2
"A Million Ways to Die in the West", 2014, 1
"Escape From Alcatraz", 1979, 2
"Captain Phillips", 2013, 3
"Titan A.E.", 2000, 2
"Dracula Untold", 2014, 1
"The Hangover", 2009, 1
"The Good Lie", 2014, 4
"Amazing Grace", 2007, 2
"Christiane F", 1981, 3
"The Artist", 2011, 3
"The Book of Eli", 2010, 1
"Dredd", 2012, 1
"3:10 to Yuma", 2007, 2
"Dirty Harry", 1971, 3
"Blue Is The Warmest Color", 2013, 3
"The Hobbit: The Battle of the Five Armies", 2014, 1
"21 Jump Street", 2012, 3
"The Boy in the Striped Pajamas (The Boy in the Striped Pyjamas)", 2008, 2
"Man on a Ledge", 2012, 1
"The Grand Budapest Hotel", 2014, 4
"Mississippi Burning", 1988, 4
"Powder", 1995, 2
"Encino Man", 1992, 3
"Predestination", 2015, 2
"The Fighter", 2010, 3
"Snatch", 2001, 4
"The Way Way Back", 2013, 4
"Transcendence", 2014, 1
"The Prestige", 2006, 1
"Oculus", 2014, 1
"Lucy", 2014, 1
"X-Men: Days of Future Past", 2014, 1
"The Two Faces of January", 2014, 2
"Dawn Of The Planet Of The Apes", 2014, 2
"Boyhood", 2014, 3
"The Great Gatsby", 2013, 3
"This Means War", 2012, 1
"The Last Dragon", 1985, 4
"Fat, Sick and Nearly Dead", 2011, 4
"Down to Earth", 2001, 4
"The Rundown", 2003, 2
"War Horse", 2011, 1
"The Hunger Games: Catching Fire", 2013, 1
"Angels & Demons", 2009, 1
"All Is Lost", 2013, 5
"Guardians of the Galaxy", 2014, 5
"The Wolf of Wall Street", 2013, 1
"Six Degrees of Separation", 1993, 2
"Gone", 2012, 1
"Cloak and Dagger", 1984, 4
"The Neverending Story II: The Next Chapter", 1991, 3
"The Neverending Story", 1984, 5
"Hart's War", 2002, 2
"Live Die Repeat: Edge of Tomorrow", 2014, 3
"Wreck-it Ralph", 2012, 4
"Illegal Tender", 2007, 1
"Warm Bodies", 2013, 2
"The Guilt Trip", 2012, 3
"Godzilla", 2014, 4
"In a World...", 2013, 3
"RoboCop", 2014, 3
"The Secret Life Of Walter Mitty", 2013, 3
"Scenic Route", 2013, 3
"Her", 2013, 5
"Captain America: The Winter Soldier", 2014, 4
"The Burning Season", 1994, 3
"Grand Prix", 1966, 5
"12 Years a Slave", 2013, 5
"Dallas Buyers Club", 2013, 5
"The Internship", 2013, 1
"JCVD (Van Dammage)", 2008, 2
"Gravity", 2013, 1
"Punch-Drunk Love", 2002, 4
"Fargo", 1996, 4
"The Illusionist", 2006, 1
"A Good Day To Die Hard", 2013, 1
"Resident Evil: Retribution", 2012, 1
"Rock of Ages", 2012, 1
"Sky Captain and the World of Tomorrow", 2004, 1
"The Hobbit: The Desolation of Smaug", 2013, 3
"Rush", 2013, 4
"Somewhere in Time", 1980, 3
"Kick-Ass 2", 2013, 1
"The Wolverine", 2013, 1
"Taxi Driver", 1976, 4
"Star Trek II: The Wrath of Khan", 1982, 1
"Sleepers", 1996, 2
"Super Mario Bros.", 1993, 1
"Donnie Darko", 2001, 1
"Despicable Me 2", 2013, 1
"A Thousand Words", 2012, 1
"The Beach", 2000, 1
"Elysium", 2013, 3
"Despicable Me", 2010, 1
"Capricorn One", 1978, 3
"The World's End", 2013, 3
"Watchmen", 2009, 4
"Splice", 2010, 1
"Serenity", 2005, 1
"The Royal Tenenbaums", 2002, 4
"Papillon", 1973, 2
"After Earth", 2013, 1
"Melancholia", 2011, 3
"Antichrist", 2009, 4
"The Lone Ranger", 2013, 1
"Brave", 2012, 1
"Upside Down", 2013, 2
"Come Out And Play", 2013, 4
"Final Destination 5", 2011, 2
"Monsters University", 2013, 1
"Young Adult", 2011, 1
"Skyline", 2010, 1
"Battle: Los Angeles", 2011, 3
"Hugo", 2011, 2
"A Little Princess", 1995, 4
"Hellboy", 2004, 4
"Stardust", 2007, 1
"Flushed Away", 2006, 2
"Up", 2009, 5
"Cars", 2006, 4
"Shrek the Third", 2007, 2
"Kung Fu Panda", 2008, 3
"Kung Fu Panda 2", 2011, 2
"Rio", 2011, 2
"Cars 2", 2011, 1
"Silent Hill: Revelation", 2012, 1
"Rocky III", 1982, 4
"Lords of Dogtown", 2005, 3
"Yes Man", 2008, 2
"The Cabin in the Woods", 2012, 3
"The Assassination of Jesse James by the Coward Robert Ford", 2007, 3
"This Is the End", 2013, 4
"Shallow Hal", 2001, 4
"The Expendables 2", 2012, 3
"Bambi", 1942, 1
"Snow White and the Seven Dwarfs", 1937, 2
"Pacific Rim", 2013, 1
"World War Z", 2013, 1
"Star Trek Into Darkness", 2013, 3
"The Purge", 2013, 1
"Midnight in Paris", 2011, 2
"Paul", 2011, 1
"Quills", 2000, 3
"Love and Other Drugs", 2010, 1
"Mission: Impossible Ghost Protocol", 2011, 2
"Due Date", 2010, 1
"The Man From Earth", 2007, 1
"Iron Man 3", 2013, 3
"Iron Man 2", 2010, 2
"Jack Reacher", 2012, 3
"Wrath of the Titans", 2012, 1
"Battleship", 2012, 3
"Army of Darkness", 1993, 5
"Evil Dead", 2013, 4
"Bridesmaids", 2011, 1
"Pinocchio", 1940, 4
"Fantasia", 1940, 4
"Dumbo", 1941, 4
"Cinderella", 1950, 1
"Alice in Wonderland", 1951, 4
"Lady and the Tramp", 1955, 3
"Sleeping Beauty", 1959, 1
"101 Dalmatians", 1961, 3
"Mary Poppins", 1964, 3
"The Hunchback of Notre Dame", 1996, 1
"The Way", 2011, 1
"Machine Gun Preacher", 2011, 4
"Zoolander", 2001, 1
"Lost Highway", 1997, 1
"Man of Steel", 2013, 2
"Superbad", 2007, 4
"Lady in the Water", 2006, 1
"Escape from New York", 1981, 4
"The Promise", 1995, 5
"Moonrise Kingdom", 2012, 4
"Sinister", 2012, 1
"Ted", 2012, 3
"Limitless", 2011, 2
"Life of Pi", 2012, 1
"Oblivion", 2013, 5
"Argo", 2012, 2
"Starship Troopers", 1997, 4
"Safe House", 2012, 2
"Everything Must Go", 2011, 4
"The Babymakers", 2012, 1
"The Last Castle", 2001, 3
"The Crazies", 2010, 3
"Unstoppable", 2010, 3
"October Sky", 1999, 4
"The Ghost and the Darkness", 1996, 3
"Vantage Point", 2008, 1
"Shooter", 2007, 2
"Babylon A.D.", 2008, 1
"Frozen", 2010, 1
"Can't Buy Me Love", 1987, 4
"Flight", 2012, 2
"The Grey", 2012, 3
"G.I. Jane", 1997, 3
"Casino Royale", 2006, 5
"A Few Good Men", 1992, 2
"The Final Destination", 2009, 1
"The Muppet Christmas Carol", 1992, 3
"The Muppets", 2011, 2
"Adventureland", 2009, 2
"Year of the Dog", 2007, 3
"Les Misérables", 2012, 5
"Lincoln", 2012, 3
"Django Unchained", 2012, 4
"Bunraku", 2011, 1
"Captain America: The First Avenger", 2011, 3
"Monster", 2004, 3
"Pride", 2007, 3
"The Hobbit: An Unexpected Journey", 2012, 4
"Law Abiding Citizen", 2009, 2
"Flight of the Phoenix", 2004, 3
"Harry Potter and the Deathly Hallows - Part 2", 2011, 1
"Immortals", 2011, 2
"Lakeview Terrace", 2008, 1
"21", 2008, 2
"Journey to the Center of the Earth", 2008, 1
"The Mist", 2007, 5
"The A-Team", 2010, 3
"Gone Baby Gone", 2007, 4
"Sex Drive", 2008, 3
"Skyfall", 2012, 3
"Die Hard", 1988, 4
"Beyond Borders", 2003, 4
"Beneath The Planet Of The Apes", 1970, 1
"Rise of the Planet of the Apes", 2011, 3
"The Campaign", 2012, 2
"Wrong Turn", 2003, 4
"Source Code", 2011, 4
"Vacancy", 2007, 2
"Looper", 2012, 3
"Marvel's The Avengers", 2012, 4
"How to Train Your Dragon", 2010, 4
"The Dictator", 2012, 4
"The Golden Compass", 2007, 1
"Total Recall", 2012, 3
"The Dark Knight Rises", 2012, 4
"Gulliver's Travels", 2010, 2
"City Slickers", 1991, 2
"The Matador", 2006, 3
"On the Road", 2012, 1
"Mortal Kombat", 1995, 3
"Mortal Kombat: Annihilation", 1997, 1
"Prometheus", 2012, 2
"Snow White and the Huntsman", 2012, 3
"Club Dread", 2004, 1
"The New World", 2005, 4
"Just Like Heaven", 2005, 1
"Speed Racer", 2008, 2
"G.I. Joe: The Rise of Cobra", 2009, 1
"Inside (À l'intérieur)", 2007, 4
"Jennifer's Body", 2009, 2
"Quicksilver", 1986, 4
"Trollhunter", 2011, 3
"True Grit", 2010, 4
"The Expendables", 2010, 2
"Wall Street", 1987, 3
"Wall Street: Money Never Sleeps", 2010, 1
"The X-Files: I Want to Believe (The X Files 2)", 2008, 1
"The X-Files - Fight the Future", 1998, 3
"Mad City", 1997, 3
"Sphere", 1998, 3
"Outbreak", 1995, 3
"Inside Man", 2006, 3
"Sahara", 2005, 2
"The Invasion", 2007, 4
"Shoot 'Em Up", 2007, 2
"The Right Stuff", 1983, 2
"Scott Pilgrim vs. the World", 2010, 2
"I Love You Beth Cooper", 2009, 1
"Napoleon Dynamite", 2004, 1
"The Adventures of Tintin", 2011, 3
"About Schmidt", 2002, 1
"Gomorrah (Gomorra)", 2008, 2
"First Born", 2007, 2
"Mission to Mars", 2000, 2
"Stuck on You", 2003, 4
"The Chronicles of Narnia: Prince Caspian", 2008, 1
"Malibu Shark Attack", 2009, 1
"The Recruit", 2003, 1
"Australia", 2008, 2
"Carriers", 2009, 2
"Deception", 2008, 1
"X-Men: First Class", 2011, 4
"A History of Violence", 2005, 3
"Memphis Belle", 1990, 4
"The Heartbreak Kid", 2007, 4
"*batteries not included", 1987, 3
"Sunshine", 2007, 4
"Dead Snow (Død snø)", 2009, 2
"Contagion", 2011, 4
"Real Steel", 2011, 1
"Sweet November", 2001, 1
"Pirates of Silicon Valley", 1999, 4
"Star Trek: The Motion Picture", 1979, 3
"The Beaver", 2011, 3
"10,000 B.C.", 2008, 1
"Wilde", 1998, 2
"Get Low", 2010, 1
"Seven Pounds", 2008, 1
"Frost/Nixon", 2008, 2
"Final Destination 3", 2006, 2
"Final Destination", 2000, 2
"Final Destination 2", 2003, 3
"Cowboys & Aliens", 2011, 3
"Crash", 2004, 3
"Hellboy II: The Golden Army (Hellboy 2)", 2008, 3
"Super 8", 2011, 4
"The Tree of Life", 2011, 5
"Taken", 2009, 4
"Green Lantern", 2011, 2
"Tenacious D in The Pick of Destiny", 2006, 3
"Senna", 2011, 5
"Dragonball Evolution", 2009, 1
"Harry Potter and the Order of the Phoenix", 2007, 2
"Harry Potter and the Deathly Hallows - Part 1", 2010, 1
"Harry Potter and the Half-Blood Prince", 2009, 3
"Harry Potter and the Goblet of Fire", 2005, 2
"Transformers: Dark of the Moon", 2011, 3
"Pollock", 2000, 4
"Inside Job", 2010, 5
"The Kids Are All Right", 2010, 4
"Winter's Bone", 2010, 3
"I Now Pronounce You Chuck & Larry", 2007, 3
"Food, Inc.", 2009, 5
"The Black Hole", 1979, 3
"Buried", 2010, 4
"Pirates of the Caribbean: On Stranger Tides", 2011, 3
"The Adjustment Bureau", 2011, 4
"To Wong Foo, Thanks for Everything! Julie Newmar", 1995, 3
"Pirates of the Caribbean: At Worlds End", 2007, 3
"Pirates of the Caribbean: The Curse of the Black Pearl", 2003, 2
"Pirates of the Caribbean: Dead Man's Chest", 2006, 3
"The Plague of the Zombies", 1966, 2
"Trainspotting", 1996, 5
"Sucker Punch", 2011, 3
"Master and Commander: The Far Side of the World", 2003, 4
"Sanctum", 2011, 3
"127 Hours", 2010, 4
"The Rite", 2011, 1
"The King's Speech", 2010, 4
"Black Swan", 2010, 5
"Primer", 2004, 2
"[Rec] 2", 2010, 3
"Monsters vs. Aliens", 2009, 1
"An American Tail - Fievel Goes West", 1991, 3
"The Village", 2004, 5
"Reign of Fire", 2002, 4
"The League of Extraordinary Gentlemen", 2003, 2
"Mary Shelley's Frankenstein", 1994, 4
"War of the Worlds", 2005, 5
"The Karate Kid", 2010, 2
"WarGames (War Games)", 1983, 5
"Doom", 2005, 1
"Tron Legacy", 2010, 4
"TMNT", 2007, 1
"Hachi: A Dog's Tale", 2009, 3
"The Mummy: Tomb of the Dragon Emperor", 2008, 2
"Madagascar: Escape 2 Africa", 2008, 2
"The Social Network", 2010, 3
"The Forbidden Kingdom", 2008, 3
"Avatar", 2009, 1
"Grown Ups", 2010, 4
"Little Manhattan", 2005, 4
"The Lawnmower Man", 1992, 1
"The Blind Side", 2009, 2
"Brothers", 2009, 1
"Julie & Julia", 2009, 5
"The Notebook", 2004, 2
"Okuribito (Departures)", 2009, 3
"Year One", 2009, 4
"Whip It", 2009, 3
"Zombieland", 2009, 4
"Crazy Heart", 2009, 4
"The Road", 2009, 3
"Babe", 1995, 1
"Breach", 2007, 3
"Howl's Moving Castle", 2005, 2
"An Education", 2009, 4
"The Soloist", 2009, 2
"Open Water", 2004, 3
"Inception", 2010, 5
"Jesus Christ Superstar", 1973, 3
"Moon", 2009, 5
"The Descent 2", 2009, 2
"[Rec]", 2007, 4
"Estômago, (Estomago: A Gastronomic Story)", 2007, 4
"Domestic Disturbance", 2001, 2
"National Lampoon's European Vacation", 1985, 2
"Memoirs of an Invisible Man", 1992, 2
"Vegas Vacation", 1997, 2
"Spies Like Us", 1985, 3
"The Punisher", 2004, 2
"Clash of the Titans", 2010, 3
"Toy Story 3", 2010, 5
"Kick-Ass", 2010, 5
"Lucky Number Slevin", 2006, 3
"The Picture of Dorian Gray", 1945, 3
"Sweeney Todd: The Demon Barber of Fleet Street", 2007, 2
"Lost Junction", 2003, 1
"The Mask", 1994, 2
"Dr. Seuss' Horton Hears a Who!", 2008, 1
"Liar Liar", 1997, 2
"La Bamba", 1987, 4
"Sixteen Candles", 1984, 3
"Shutter Island", 2010, 2
"The Orphanage", 2007, 3
"Side Out", 1990, 4
"Vertical Limit", 2000, 3
"The Wrestler", 2008, 4
"Stargate", 1994, 3
"Chicago", 2002, 1
"Star Trek", 2009, 5
"Bruno", 2009, 4
"Top Secret!", 1984, 5
"The Devil Wears Prada", 2006, 4
"Slumdog Millionaire", 2008, 1
"Stand by Me", 1986, 5
"Weekend at Bernie's", 1989, 5
"Pretty in Pink", 1986, 3
"Just One of the Guys", 1985, 4
"Tora! Tora! Tora!", 1970, 5
"Surrogates", 2009, 1
"Man on Wire", 2008, 5
"Alice in Wonderland", 1903, 3
"Déjà Vu", 2006, 2
"Up in the Air", 2009, 3
"The Air Up There", 1994, 3
"Quest for Fire", 1981, 5
"Precious: Based on the Novel Push by Sapphire", 2009, 5
"The Reader", 2008, 4
"Coraline", 2009, 1
"Annapolis", 2006, 2
"Scary Movie 4", 2006, 3
"The Hurt Locker", 2009, 2
"Where the Wild Things Are", 2009, 5
"Edge of Darkness", 2010, 4
"Invictus", 2009, 5
"Sherlock Holmes", 2009, 3
"The Patriot", 2000, 2
"Eragon", 2006, 2
"Spawn", 1997, 4
"Vicky Cristina Barcelona", 2008, 1
"Space Station", 2002, 4
"Kingdom of Heaven", 2005, 3
"Cheaper by the Dozen 2", 2005, 3
"Cheaper by the Dozen", 2003, 2
"Gran Torino", 2009, 2
"The Aristocats", 1970, 3
"The Constant Gardener", 2005, 3
"Threesome", 1994, 3
"Problem Child 2", 1991, 2
"Problem Child", 1990, 4
"Problem Child 3: Junior in Love", 1995, 2
"Baby's Day Out", 1994, 2
"The Onion Movie", 2008, 3
"Queer Duck: The Movie", 2006, 3
"Little Miss Sunshine", 2006, 4
"Turistas (Paradise Lost)", 2006, 2
"Be Kind Rewind", 2008, 5
"Roger & Me", 1989, 5
"9", 2009, 3
"Fahrenheit 9/11", 2004, 3
"Remo Williams - The Adventure Begins", 1985, 4
"American Ninja 3: Blood Hunt", 1989, 1
"American Ninja 2: The Confrontation", 1987, 2
"American Ninja", 1985, 4
"Allan Quatermain and the Lost City of Gold", 1986, 2
"Short Circuit 2", 1988, 2
"Crocodile Dundee in Los Angeles", 2001, 1
"Teenage Mutant Ninja Turtles II - The Secret of the Ooze", 1991, 4
"The Woman in Red", 1984, 1
"Elvira, Mistress of the Dark", 1988, 1
"K-9", 1989, 4
"Desperately Seeking Susan", 1985, 3
"The Night Before", 1988, 3
"Secret Admirer", 1985, 3
"The Breakfast Club", 1985, 4
"Christine", 1983, 2
"Seed of Chucky", 2004, 1
"Arachnophobia", 1990, 4
"The Last Starfighter", 1984, 5
"Criminal", 2004, 4
"Deuce Bigalow: European Gigolo", 2005, 1
"Little Nicky", 2000, 1
"You Don't Mess With the Zohan", 2008, 2
"Click", 2006, 4
"Spanglish", 2004, 3
"V for Vendetta", 2006, 4
"2012", 2009, 1
"Transformers: Revenge of the Fallen", 2009, 1
"Let the Right One In", 2008, 5
"Wanted", 2008, 1
"Twilight", 2008, 1
"Wit", 2001, 5
"Lost In Translation", 2003, 4
"The Descent", 2006, 3
"Death Becomes Her", 1992, 3
"The History Boys", 2006, 2
"Hitler: The Rise of Evil", 2003, 4
"Romeo + Juliet", 1996, 4
"Weekend at Bernie's II", 1993, 2
"Toy Story", 1995, 5
"Amadeus", 1984, 5
"Inglourious Basterds", 2009, 5
"Scent of a Woman", 1992, 3
"The Bridges of Madison County", 1995, 3
"Doubt", 2008, 3
"District 9", 2009, 5
"Orphan", 2009, 4
"The Wave", 2011, 4
"Oh, God!", 1977, 4
"Othello", 1965, 3
"In the Name of the Father", 1993, 4
"Blue Crush", 2002, 3
"Titus", 1999, 3
"Can't Hardly Wait", 1998, 2
"Paranoid Park", 2007, 2
"Disturbia", 2007, 4
"Evil Dead 2: Dead by Dawn", 1987, 4
"Into the Blue", 2005, 3
"Capote", 2005, 2
"Kinsey", 2004, 4
"Terminator Salvation", 2009, 2
"Meu Nome Não é Johnny (My Name Ain't Johnny)", 2008, 3
"Wag the Dog", 1997, 4
"Death of a Salesman", 1985, 4
"A Streetcar Named Desire", 1951, 3
"The Glass Menagerie", 1950, 2
"Into the Wild", 2007, 3
"Aliens vs. Predator: Requiem (AVP 2)", 2007, 2
"The Secret Garden", 1993, 3
"Mission: Impossible III", 2006, 4
"American Gangster", 2007, 4
"Backdraft", 1991, 3
"The Good Shepherd", 2006, 3
"The Longest Yard", 2005, 4
"Le Voyage dans la lune (A Trip to the Moon)", 1902, 5
"United 93", 2006, 2
"O Auto da Compadecida (A Dog's Will)", 2000, 4
"Caramuru - A Invenção do Brasil", 2001, 3
"Michael Jackson - Moonwalker", 1988, 3
"The Jacksons: An American Dream", 1992, 4
"Definitely, Maybe", 2008, 4
"X-Men Origins - Wolverine", 2009, 2
"Just Friends", 2005, 4
"The Life of David Gale", 2003, 4
"Runaway", 1984, 3
"Resident Evil", 2002, 4
"Resident Evil: Apocalypse", 2004, 2
"If These Walls Could Talk", 1996, 4
"Fortress 2: Re-Entry", 1999, 3
"Ali", 2001, 2
"Cube Zero", 2004, 1
"Thirteen Days", 2000, 4
"Zack and Miri Make a Porno", 2008, 4
"Talladega Nights: The Ballad of Ricky Bobby", 2006, 4
"Book of Shadows - Blair Witch 2", 2000, 2
"The Crucible", 1996, 5
"The Blair Witch Project", 1999, 5
"Saw V", 2008, 3
"Saw IV", 2007, 4
"Tropic Thunder", 2008, 3
"Memoirs of a Geisha", 2005, 4
"Hide and Seek", 2005, 5
"Michael Clayton", 2007, 4
"Valkyrie", 2008, 4
"Milk", 2008, 5
"Runaway Jury", 2003, 4
"Lisbela E O Prisioneiro", 2003, 1
"Mean Girls", 2004, 3
"Virtuosity", 1995, 1
"Speed", 1994, 3
"The Curious Case of Benjamin Button", 2008, 5
"The Day the Earth Stood Still", 2008, 1
"Blank Check", 1994, 3
"Blindness", 2008, 4
"Nick of Time", 1995, 3
"The Land Before Time", 1988, 3
"The Flintstones", 1994, 1
"The Ewok Adventure", 1984, 4
"Bringing Out the Dead", 1999, 5
"Oscar", 1991, 3
"Agent Cody Banks", 2003, 1
"Spy Kids 2: The Island of Lost Dreams", 2002, 1
"Stop! Or My Mom Will Shoot", 1992, 4
"Cliffhanger", 1993, 3
"Daylight", 1996, 2
"Spy Kids 3-D - Game Over", 2003, 1
"Species II", 1998, 1
"The Specialist", 1994, 2
"Bride of Chucky", 1998, 1
"Child's Play 3", 1991, 2
"Child's Play 2", 1990, 4
"Child's Play", 1988, 3
"Flashdance", 1983, 3
"The Pest", 1997, 1
"Over the Top", 1987, 4
"Diggstown", 1992, 3
"Iron Eagle", 1986, 4
"Banana Joe", 1982, 2
"The Love Bug", 1969, 4
"Mannequin 2: On the Move", 1991, 1
"Moving Violations", 1985, 4
"Quick Change", 1990, 5
"Risky Business", 1983, 3
"Summer School", 1987, 4
"Alfie", 2004, 3
"The Faculty", 1998, 3
"Underworld: Evolution", 2006, 2
"Underworld", 2003, 2
"Black Knight", 2001, 2
"Open Season", 2006, 1
"The Whole Nine Yards", 2000, 4
"The Scorpion King", 2002, 1
"Phone Booth", 2003, 3
"Kung Pow! Enter the Fist", 2002, 4
"Big Momma's House", 2000, 1
"Mystic River", 2003, 3
"Flyboys", 2006, 4
"Dogma", 1999, 3
"Shakespeare in Love", 1998, 3
"Jay and Silent Bob Strike Back", 2001, 1
"F/X", 1986, 3
"F/X 2: The Deadly Art of Illusion", 1991, 2
"The Shadow", 1994, 2
"Mercury Rising", 1998, 3
"The Talented Mr. Ripley", 1999, 4
"Idle Hands", 1999, 3
"Daredevil", 2003, 2
"Along Came Polly", 2004, 3
"Three O'Clock High", 1987, 4
"License to Drive", 1988, 3
"Footloose", 1984, 4
"Ladyhawke", 1985, 4
"Black Rain", 1989, 3
"The Jewel of the Nile", 1985, 3
"Fatal Attraction", 1987, 3
"Basic Instinct", 1992, 4
"Falling Down", 1993, 5
"A Perfect Murder", 1998, 3
"Traffic", 2000, 3
"Dirty Dancing", 1987, 3
"The Addams Family", 1991, 5
"Addams Family Values", 1993, 3
"Casper Meets Wendy", 1998, 1
"Casper", 1995, 2
"Scream 2", 1997, 2
"Scream 3", 2000, 2
"Flight of the Navigator", 1986, 3
"Os Normais (So Normal)", 2003, 2
"Revolution O.S.", 2002, 3
"Harry and the Hendersons", 1987, 2
"See No Evil, Hear No Evil", 1989, 5
"GoldenEye", 1995, 2
"National Lampoon's Vacation", 1983, 4
"Three Amigos!", 1986, 3
"Snow Day", 2000, 2
"House of Flying Daggers", 2004, 3
"Lorenzo's Oil", 1992, 4
"The Brothers Grimm", 2005, 3
"10 Things I Hate About You", 1999, 1
"Crocodile Dundee II", 1988, 3
"Crocodile Dundee", 1986, 4
"Return to the Blue Lagoon", 1991, 3
"The Blue Lagoon", 1980, 4
"In & Out", 1997, 4
"Meet the Robinsons", 2007, 2
"Three Men and a Baby (3 Men and a Baby)", 1987, 3
"Police Academy 7: Mission to Moscow", 1994, 2
"Police Academy 4 - Citizens on Patrol", 1987, 2
"Police Academy 3: Back in Training", 1986, 3
"Police Academy 2: Their First Assignment", 1985, 5
"Police Academy", 1984, 5
"The Beautician and the Beast", 1997, 3
"The Nanny Diaries", 2007, 2
"The Lizzie McGuire Movie", 2003, 1
"Mighty Joe Young", 1998, 3
"Shall We Dance", 2004, 2
"Hidalgo", 2004, 4
"Fortress", 1993, 4
"Highlander III: The Sorcerer (Highlander: The Final Dimension)", 1993, 3
"Beowulf", 1999, 3
"Highlander: Endgame", 2000, 3
"American Beauty", 1999, 4
"A Perfect World", 1993, 3
"Real Genius", 1985, 5
"Willow", 1988, 3
"Tombstone", 1993, 4
"Wyatt Earp", 1994, 5
"Message in a Bottle", 1999, 2
"The Postman", 1997, 2
"Field of Dreams", 1989, 4
"The Bodyguard", 1992, 3
"Dances With Wolves", 1990, 3
"Batman Forever", 1995, 3
"K-PAX", 2001, 2
"Legally Blonde 2 - Red, White & Blonde", 2003, 3
"A Funny Thing Happened on the Way to the Forum", 1966, 3
"Cape Fear", 1991, 5
"Ronin", 1998, 4
"Analyze This", 1999, 5
"The Adventures of Rocky & Bullwinkle", 2000, 1
"Analyze That", 2002, 3
"Young Guns", 1988, 5
"Hackers", 1995, 3
"Lara Croft Tomb Raider - The Cradle of Life", 2003, 1
"The Tuxedo", 2002, 3
"Mr. Nice Guy (Yat goh hiu yan)", 1997, 4
"Operation Condor (Fei ying gai wak) (Armour of God II)", 1991, 3
"Police Story 2 (Ging chaat goo si juk jaap) (Police Force II)", 1988, 3
"Armour of God (Long xiong hu di) (Operation Condor 2)", 1987, 3
"Police Story (Ging chaat goo si) (Police Force)", 1985, 3
"The Legend of Zorro", 2005, 2
"Lolita", 1962, 3
"Assassins", 1995, 2
"The 13th Warrior", 1999, 3
"Raising Arizona", 1987, 3
"Snake Eyes", 1998, 3
"World Trade Center", 2006, 4
"The Santa Clause", 1994, 3
"Jungle 2 Jungle", 1997, 3
"Joe Somebody", 2001, 4
"The Santa Clause 2", 2002, 2
"The Santa Clause 3: The Escape Clause", 2006, 2
"Sleeping with the Enemy", 1991, 3
"Erin Brockovich", 2000, 4
"George of the Jungle", 1997, 3
"Blast From the Past", 1999, 3
"Looney Tunes: Back in Action", 2003, 2
"The Jackal", 1997, 4
"Runaway Bride", 1999, 2
"Legend", 1985, 3
"Cocktail", 1988, 3
"Born on the Fourth of July", 1989, 5
"The Firm", 1993, 5
"Jerry Maguire", 1996, 4
"The Island", 2005, 3
"Instinct", 1999, 5
"The Silence of the Lambs", 1991, 5
"The Edge", 1997, 3
"The Mask of Zorro", 1998, 3
"Mission: Impossible 2", 2000, 2
"Alexander", 2004, 3
"The Witches of Eastwick", 1987, 3
"While You Were Sleeping", 1995, 3
"The Net", 1995, 2
"Speed 2 - Cruise Control", 1997, 2
"28 Days", 2000, 2
"Great Balls of Fire", 1989, 4
"Darkman", 1990, 3
"Nell", 1994, 3
"Rob Roy", 1995, 3
"Bill & Ted's Bogus Journey", 1991, 3
"A Walk in the Clouds", 1995, 3
"Johnny Mnemonic", 1995, 2
"What Happens in Vegas", 2008, 2
"Medicine Man", 1992, 3
"My Best Friend's Wedding", 1997, 2
"Charlie's Angels", 2000, 2
"Vanilla Sky", 2001, 4
"Charlie's Angels - Full Throttle", 2003, 2
"Desperado", 1995, 3
"Jingle All the Way", 1997, 3
"Terminator 3 - Rise of the Machines", 2003, 3
"The Towering Inferno", 1974, 4
"The Final Countdown", 1980, 3
"The Goonies", 1985, 4
"Flatliners", 1990, 4
"Freejack", 1992, 3
"The Mighty Ducks", 1992, 3
"Alive", 1993, 4
"The Red Tent", 1971, 4
"Multiplicity", 1996, 3
"The Paper", 1994, 4
"Beetlejuice", 1988, 4
"Sister Act", 1992, 4
"Sister Act 2: Back in the Habit", 1993, 3
"Corrina, Corrina", 1994, 3
"A Knight in Camelot", 1998, 3
"Girl, Interrupted", 1999, 3
"Chain Reaction", 1996, 3
"Unleashed", 2005, 4
"Made in America", 1993, 3
"Wild Wild West", 1999, 3
"Bad Boys II", 2003, 4
"Austin Powers: The Spy Who Shagged Me", 1999, 2
"Shrek", 2001, 4
"Anaconda", 1997, 1
"Shanghai Noon", 2000, 3
"Shanghai Knights", 2003, 3
"Starsky & Hutch", 2004, 2
"Meet the Parents", 2000, 3
"Look Who's Talking", 1989, 5
"Look Who's Talking, Too", 1990, 4
"Look Who's Talking Now", 1993, 3
"Broken Arrow", 1996, 2
"Phenomenon", 1996, 3
"Face/Off", 1997, 4
"The General's Daughter", 1999, 3
"Battlefield Earth", 2000, 2
"Wild Hogs", 2007, 3
"Tootsie", 1982, 4
"The Messenger: The Story of Joan of Arc", 1999, 4
"Perfume: The Story of a Murderer", 2006, 2
"Mr. Magorium's Wonder Emporium", 2007, 3
"Don Juan DeMarco", 1994, 2
"Dick Tracy", 1990, 3
"88 Minutes", 2008, 3
"Me, Myself & Irene", 2000, 4
"The Majestic", 2001, 3
"The Sum of All Fears", 2002, 3
"The Godfather, Part II", 1974, 3
"City Lights", 1931, 3
"Munich", 2005, 4
"JFK", 1991, 4
"Under Siege", 1992, 3
"Natural Born Killers", 1994, 3
"The Client", 1994, 3
"U.S. Marshals", 1997, 3
"Small Soldiers", 1998, 2
"Space Cowboys", 2000, 3
"Man of the House", 2005, 3
"8MM", 1999, 3
"Splash", 1984, 3
"The Man with One Red Shoe", 1985, 3
"The 'Burbs", 1989, 4
"Saving Private Ryan", 1998, 5
"You've Got Mail", 1998, 2
"Species", 1995, 3
"Boogie Nights", 1997, 4
"Rising Sun", 1993, 3
"The Name of the Rose (Der Name der Rose)", 1986, 5
"The Avengers", 1998, 2
"Highlander 2: The Quickening", 1991, 4
"Highlander", 1986, 4
"First Knight", 1995, 3
"The Hunt for Red October", 1990, 5
"Entrapment", 1999, 3
"Dragonheart", 1996, 2
"The Rock", 1996, 3
"The Fugitive", 1993, 4
"Clear and Present Danger", 1994, 3
"The Pelican Brief", 1993, 3
"Crimson Tide", 1995, 3
"The Siege", 1998, 3
"The Bone Collector", 1999, 3
"Remember the Titans", 2000, 3
"John Q", 2002, 4
"Man on Fire", 2004, 3
"Out of Time", 2003, 4
"Career Opportunities", 1991, 4
"The Rocketeer", 1991, 3
"Patriot Games", 1992, 3
"The Negotiator", 1998, 3
"Shaft", 2000, 3
"Unbreakable", 2000, 4
"Teen Wolf", 1985, 3
"Doc Hollywood", 1991, 3
"Stuart Little", 1999, 3
"Stuart Little 2", 2002, 2
"Days of Thunder", 1990, 3
"My Life", 1993, 5
"The Peacemaker", 1997, 3
"Moulin Rouge!", 2001, 4
"No Retreat, No Surrender", 1986, 3
"Bloodsport", 1988, 4
"Kickboxer", 1989, 3
"Lionheart", 1991, 3
"Double Impact", 1991, 3
"Timecop", 1994, 3
"The Quest", 1996, 3
"Legionnaire", 1998, 3
"Replicant", 2001, 3
"Forever Young", 1992, 3
"Maverick", 1994, 4
"What Women Want", 2001, 3
"Apocalypto", 2006, 3
"Deconstructing Harry", 1997, 3
"Popeye", 1980, 2
"Nine Months", 1995, 2
"The Birdcage", 1996, 4
"What Dreams May Come", 1998, 4
"Jack", 1996, 4
"One Hour Photo", 2002, 3
"Patch Adams", 1998, 4
"Flubber", 1997, 2
"Hook", 1991, 4
"Road to Perdition", 2002, 3
"Commando", 1985, 3
"Twins", 1988, 3
"Kindergarten Cop", 1990, 5
"Eraser", 1996, 3
"True Lies", 1994, 2
"Junior", 1994, 3
"Batman & Robin", 1997, 1
"The 6th Day", 2000, 2
"Collateral Damage", 2002, 3
"The Lord of the Rings: The Return of the King", 2003, 5
"The Lord of the Rings: The Two Towers", 2002, 4
"The Lord of the Rings: The Fellowship of the Ring", 2001, 4
"Gangs of New York", 2002, 5
"The Aviator", 2004, 4
"Thelma & Louise", 1991, 4
"Legends of the Fall", 1994, 3
"Airheads", 1994, 4
"Billy Madison", 1995, 3
"The Wedding Singer", 1998, 4
"The Waterboy", 1998, 4
"Mr. Deeds", 2002, 3
"War (Rogue Assassin)", 2007, 3
"The Departed", 2006, 5
"Street Kings", 2008, 3
"Arlington Road", 1999, 5
"The Bridge", 2006, 3
"Blown Away", 1994, 3
"Land of the Dead", 2005, 3
"1492: Conquest of Paradise", 1992, 3
"The Man in the Iron Mask", 1998, 3
"Hero", 2004, 4
"My Father, the Hero", 1994, 2
"Roxanne", 1987, 3
"My Blue Heaven", 1990, 3
"Father of the Bride", 1991, 4
"Father of the Bride: Part II", 1995, 3
"Sgt. Bilko", 1996, 3
"Tango & Cash", 1989, 4
"Beverly Hills Cop III", 1994, 3
"Beverly Hills Cop II", 1987, 4
"Beverly Hills Cop", 1984, 5
"Holy Man", 1998, 3
"Bowfinger", 1999, 3
"Porky's", 1982, 5
"Revenge of the Nerds II: Nerds in Paradise", 1987, 4
"Revenge of the Nerds", 1984, 4
"Nutty Professor II: The Klumps", 2000, 3
"The Nutty Professor", 1996, 3
"Dr. Dolittle", 1998, 3
"Dr. Dolittle 2", 2001, 3
"Meet Dave", 2008, 4
"Universal Soldier: The Return", 1999, 2
"Universal Soldier", 1992, 3
"Dreamgirls", 2006, 3
"Daddy Day Care", 2003, 4
"The Chronicles of Riddick", 2004, 3
"The Golden Child", 1986, 4
"Awakenings", 1990, 4
"Mad Max Beyond Thunderdome", 1985, 4
"Mad Max 2: The Road Warrior", 1982, 4
"Mad Max", 1979, 4
"Syriana", 2005, 4
"My Fair Lady", 1964, 5
"From Dusk Till Dawn", 1996, 3
"Psycho", 1960, 3
"The Perfect Storm", 2000, 3
"The Prince of Egypt", 1998, 2
"The Mummy Returns", 2001, 2
"The Mummy", 1999, 4
"Showgirls", 1995, 2
"Men of Honor", 2000, 5
"Training Day", 2001, 4
"Hot Shots! Part Deux", 1993, 4
"Metropolis", 1927, 3
"Fried Green Tomatoes", 1991, 3
"Driving Miss Daisy", 1989, 3
"The Power of One", 1992, 5
"Hard Rain", 1997, 3
"Dreamcatcher", 2003, 3
"Million Dollar Baby", 2004, 5
"March of the Penguins", 2005, 3
"Hellraiser III: Hell on Earth", 1992, 3
"Hellraiser", 1987, 4
"Interview with the Vampire", 1994, 4
"Bram Stoker's Dracula", 1992, 4
"Mickey's Christmas Carol", 1983, 3
"Lost in Space", 1998, 4
"Seven Years in Tibet", 1997, 3
"Jaws 2", 1978, 4
"Jaws", 1975, 4
"Teeth", 2007, 5
"Dante's Peak", 1997, 3
"Volcano", 1997, 2
"The Fountain", 2006, 3
"The Manchurian Candidate", 2004, 4
"The Lost Boys", 1987, 4
"Bad Boys", 1995, 3
"Gotcha!", 1985, 4
"Kids", 1995, 5
"The Kid", 2000, 3
"Spy Kids", 2001, 1
"The Time Machine", 2002, 4
"Salem Witch Trials", 2003, 4
"Coming to America", 1988, 4
"Red Planet", 2000, 3
"Norbit", 2007, 3
"The Count of Monte Cristo", 2002, 5
"August Rush", 2007, 4
"The Cell", 2000, 2
"Pleasantville", 1998, 3
"Final Fantasy: The Spirits Within", 2001, 4
"The Jungle Book", 1967, 3
"The Fog", 2005, 3
"District B13 (Banlieue 13)", 2006, 3
"Big Fish", 2003, 3
"Caligula", 1979, 2
"What's Eating Gilbert Grape", 1993, 4
"Notting Hill", 1999, 2
"Planet of the Apes", 1968, 3
"Planet of the Apes", 2001, 3
"Cry-Baby", 1990, 2
"Frequency", 2000, 3
"Identity", 2003, 3
"The One", 2001, 3
"Air Force One", 1997, 2
"Panic Room", 2002, 3
"Zathura", 2005, 3
"Event Horizon", 1997, 4
"Untraceable", 2008, 3
"Cool Runnings", 1993, 4
"Superman IV: The Quest for Peace", 1987, 3
"Superman", 1978, 4
"Superman III", 1983, 2
"Superman II", 1981, 3
"Man on the Moon", 1999, 5
"Dr. Seuss' How the Grinch Stole Christmas", 2000, 1
"Enemy of the State", 1998, 4
"Conspiracy Theory", 1997, 3
"Lemony Snicket's A Series of Unfortunate Events", 2004, 3
"Apollo 13", 1995, 4
"S.W.A.T.", 2003, 3
"Howard the Duck", 1986, 3
"Godzilla", 1998, 3
"White Men Can't Jump", 1992, 4
"Do the Right Thing", 1989, 5
"The Fifth Element", 1997, 3
"The 40 Year Old Virgin", 2005, 4
"Dying Young", 1991, 3
"To Die For", 1995, 2
"Tomorrow Never Dies", 1997, 2
"Die Hard: With a Vengeance", 1995, 3
"Die Hard 2", 1990, 5
"Payback", 1999, 5
"End of Days", 1999, 3
"Lethal Weapon 4", 1998, 4
"Lethal Weapon 3", 1992, 4
"Lethal Weapon 2", 1989, 3
"Lethal Weapon", 1987, 3
"Who Framed Roger Rabbit", 1988, 2
"The Andromeda Strain", 2008, 3
"Irréversible", 2002, 3
"Close Encounters of the Third Kind", 1977, 4
"Contact", 1997, 5
"Red Sonja", 1985, 2
"Attack of the Killer Tomatoes!", 1978, 1
"Jackass - The Movie", 2002, 3
"Robin Hood: Prince of Thieves", 1991, 4
"Benji the Hunted", 1987, 4
"Free Willy", 1993, 3
"Free Willy 2: The Adventure Home", 1995, 2
"The Big Blue", 1988, 4
"Deep Blue Sea", 1999, 2
"Ghost Ship", 2002, 2
"Ghost", 1990, 3
"Judge Dredd", 1995, 3
"Demolition Man", 1993, 2
"Aeon Flux", 2005, 3
"Carandiru", 2004, 4
"Fantasia 2000", 2000, 5
"The Emerald Forest", 1985, 4
"Enemy Mine", 1985, 5
"My Left Foot", 1989, 4
"Labyrinth", 1986, 4
"King Arthur", 2004, 2
"GoodFellas", 1990, 5
"Ray", 2004, 5
"Beowulf", 2007, 4
"Pet Sematary", 1989, 4
"XXX", 2002, 1
"The King of Kong: A Fistful of Quarters", 2007, 5
"Always", 1989, 5
"Point Break", 1991, 5
"The Lake House", 2006, 2
"Collateral", 2004, 3
"The Abyss", 1989, 4
"Chaplin", 1992, 4
"Modern Times", 1936, 5
"The Money Pit", 1986, 4
"Central Station (Central do Brasil)", 1998, 2
"The Emperor's New Groove", 2000, 4
"Marley & Me", 2008, 5
"Night at the Museum", 2006, 4
"Gattaca", 1997, 4
"Gothika", 2003, 4
"Brokeback Mountain", 2005, 5
"A Knight's Tale", 2001, 3
"The Great Dictator", 1940, 4
"Spider-Man 3", 2007, 4
"The Core", 2003, 2
"Cruel Intentions 2", 2000, 2
"Cruel Intentions", 1999, 4
"Thank You for Smoking", 2006, 4
"National Treasure: Book of Secrets", 2007, 2
"Big Trouble in Little China", 1986, 4
"Robot Chicken: Star Wars", 2007, 5
"13 Going on 30", 2004, 2
"Vice Versa", 1988, 4
"A Bug's Life", 1998, 3
"Troy", 2004, 3
"Knocked Up", 2007, 3
"The Insider", 1999, 4
"1408", 2007, 4
"Dodgeball - A True Underdog Story", 2004, 2
"Jurassic Park III", 2001, 2
"Apocalypse Now", 1979, 4
"Hot Shots!", 1991, 4
"Airplane 2 - The Sequel", 1982, 3
"The Lost World - Jurassic Park", 1997, 3
"Man of the Year", 2006, 3
"Aliens", 1986, 3
"Saw III", 2006, 2
"Congo", 1995, 3
"Deep Impact", 1998, 4
"An Inconvenient Truth", 2006, 4
"The Da Vinci Code", 2006, 2
"Armageddon", 1998, 2
"Grease", 1978, 3
"I, Robot", 2004, 3
"Harry Potter and the Sorcerer's Stone", 2001, 2
"Harry Potter and the Chamber of Secrets", 2002, 2
"National Treasure", 2004, 4
"Harry Potter and the Prisoner of Azkaban", 2004, 3
"Burn After Reading", 2008, 4
"Drained (O Cheiro Do Ralo)", 2006, 5
"Blades of Glory", 2007, 3
"Live Free or Die Hard", 2007, 3
"Hostel Part II", 2007, 3
"Fantastic Four: Rise of the Silver Surfer", 2007, 2
"U-Turn", 1997, 3
"Stranger Than Fiction", 2006, 4
"The Thin Red Line", 1998, 5
"Being John Malkovich", 1999, 4
"The Godfather, Part III", 1990, 4
"TRON", 1982, 3
"The Bourne Identity", 2002, 4
"Airplane!", 1980, 5
"Pearl Harbor", 2001, 2
"Blade", 1998, 2
"Lara Croft - Tomb Raider", 2001, 1
"Hannibal Rising", 2007, 1
"Gone in 60 Seconds (Gone in Sixty Seconds)", 2000, 4
"The Exorcism of Emily Rose", 2005, 4
"Home Alone 2: Lost in New York", 1992, 3
"Silent Hill", 2006, 4
"Swordfish", 2001, 2
"Bowling for Columbine", 2002, 3
"Mrs. Doubtfire", 1993, 3
"Batman Returns", 1992, 2
"RoboCop 3", 1993, 1
"Robocop 2", 1990, 3
"RoboCop", 1987, 5
"Legally Blonde", 2001, 2
"Evan Almighty", 2007, 3
"Hostel", 2006, 5
"American Pie 2", 2001, 2
"Psycho", 1998, 4
"Scream", 1996, 3
"American Pie", 1999, 4
"Saw", 2004, 5
"Cube 2 - Hypercube", 2003, 3
"Waterworld", 1995, 4
"Mission: Impossible", 1996, 2
"Big Daddy", 1999, 3
"Fun With Dick and Jane", 2005, 2
"Oldboy", 2005, 3
"Dawn of the Dead", 2004, 4
"Cube", 1998, 5
"Anger Management", 2003, 3
"Red Dragon", 2002, 1
"Con Air", 1997, 4
"The Passion of the Christ", 2004, 5
"Gremlins", 1984, 4
"Jurassic Park", 1993, 5
"Antz", 1998, 2
"Bicentennial Man", 1999, 4
"City of Angels", 1998, 3
"Super Size Me", 2004, 4
"Tropa de Elite (The Elite Squad)", 2007, 5
"The Simpsons Movie", 2007, 4
"A Clockwork Orange", 1971, 3
"Rain Man", 1988, 4
"Pulp Fiction", 1994, 4
"The Thirteenth Floor", 1999, 4
"Hannibal", 2001, 3
"Memento", 2000, 4
"The Bucket List", 2007, 3
"As Good as It Gets", 1997, 4
"The Pursuit of Happyness", 2006, 5
"Finding Forrester", 2000, 5
"Good Will Hunting", 1997, 4
"Jakob the Liar", 1999, 4
"Dragonfly", 2002, 2
"Dead Poets Society", 1989, 4
"Life Is Beautiful (La Vita è bella)", 1997, 4
"The Sixth Sense", 1999, 3
"Edward Scissorhands", 1990, 4
"Toy Story 2", 1999, 3
"Lord of War", 2005, 5
"Children of Men", 2006, 3
"The Devil's Advocate", 1997, 4
"Misery", 1990, 5
"The Game", 1997, 5
"The Exorcist", 1973, 3
"Twelve Monkeys (12 Monkeys)", 1995, 5
"Bill and Ted's Excellent Adventure", 1989, 3
"Wayne's World 2", 1993, 3
"Wayne's World", 1992, 5
"Das Versprechen (The Promise)", 1995, 5
"The Pianist", 2002, 4
"Dark City", 1998, 2
"The Green Mile", 1999, 2
"Downfall (Der Untergang)", 2004, 5
"The Godfather", 1972, 4
"The Naked Gun 33 1/3: The Final Insult", 1994, 4
"The Naked Gun 2 1/2: The Smell of Fear", 1991, 4
"Groundhog Day", 1993, 4
"The Gods Must Be Crazy", 1980, 4
"Dumb and Dumber", 1994, 3
"Monty Python's Life of Brian", 1979, 4
"Monty Python and the Holy Grail", 1975, 3
"The Naked Gun: From the Files of Police Squad!", 1988, 5
"The Truman Show", 1998, 4
"A Beautiful Mind", 2001, 4
"Plan 9 from Outer Space", 1959, 3
"The Lives of Others", 2006, 4
"When Harry Met Sally", 1989, 4
"Big", 1988, 5
"The Untouchables", 1987, 5
"Good Morning, Vietnam", 1987, 4
"Full Metal Jacket", 1987, 4
"Top Gun", 1986, 5
"Platoon", 1986, 5
"Rapid Fire", 1992, 2
"Street Fighter", 1994, 1
"Enter the Dragon", 1973, 4
"Rush Hour", 1998, 3
"Dragon: The Bruce Lee Story", 1993, 4
"Pocahontas", 1995, 3
"Beauty and the Beast", 1991, 3
"Jumanji", 1995, 4
"The Spongebob Squarepants Movie", 2004, 3
"Ice Age 2: The Meltdown", 2006, 2
"Chicken Run", 2000, 4
"Anastasia", 1997, 3
"The Nightmare Before Christmas", 1993, 3
"Wallace & Gromit: The Curse of the Were-Rabbit", 2005, 3
"Aladdin", 1992, 4
"Blood Diamond", 2006, 4
"1984", 1984, 5
"Ferris Bueller's Day Off", 1986, 5
"The Cable Guy", 1996, 2
"Gojira", 1956, 2
"The Hitchhiker's Guide to the Galaxy", 2005, 3
"Forrest Gump", 1994, 5
"Hotel Rwanda", 2004, 5
"The Last King of Scotland", 2006, 5
"The Transporter", 2002, 3
"Transporter 2", 2005, 2
"The Fly II", 1989, 3
"The Fly", 1986, 5
"Conan the Barbarian", 1982, 2
"An American Werewolf in London", 1981, 3
"Charlie Wilson's War", 2007, 4
"Mars Attacks!", 1996, 2
"Crouching Tiger, Hidden Dragon", 2001, 3
"No Country for Old Men", 2007, 3
"There Will Be Blood", 2007, 5
"Cidade de Deus (City of God)", 2003, 5
"Twister", 1996, 3
"Hot Fuzz", 2007, 4
"Shaun of the Dead", 2004, 5
"Ace Ventura - When Nature Calls", 1995, 1
"Die Another Day", 2002, 2
"Indiana Jones and the Temple of Doom", 1984, 4
"Indiana Jones and the Last Crusade", 1989, 4
"Raiders of the Lost Ark", 1981, 4
"Indiana Jones and the Kingdom of the Crystal Skull", 2008, 2
"Godzilla: Final Wars", 2004, 3
"King Kong", 1976, 3
"Jumper", 2008, 4
"Black Hawk Down", 2001, 4
"The Karate Kid, Part III", 1989, 3
"The Karate Kid Part II", 1986, 3
"The Karate Kid", 1984, 5
"The Fast and the Furious", 2001, 2
"Juno", 2007, 5
"Ghostbusters 2", 1989, 3
"Cocoon", 1985, 3
"Bandits", 2001, 3
"2001: A Space Odyssey", 1968, 4
"Van Helsing", 2004, 1
"Constantine", 2005, 4
"South Park: Bigger, Longer & Uncut", 1999, 2
"Schindler's List", 1993, 4
"The Kite Runner", 2007, 3
"Blues Brothers 2000", 1997, 3
"The Blues Brothers", 1980, 5
"Philadelphia", 1993, 4
"Bee Movie", 2007, 5
"The Shawshank Redemption", 1994, 5
"Idiocracy", 2006, 2
"Alien Resurrection", 1997, 3
"Alien3", 1992, 3
"Alien", 1979, 5
"Total Recall", 1990, 4
"Cast Away", 2000, 5
"Men in Black II", 2002, 3
"Men in Black", 1997, 3
"X-Men", 2000, 3
"X-Men: The Last Stand", 2006, 3
"Sleepy Hollow", 1999, 2
"Dr. Strangelove Or How I Learned to Stop Worrying and Love the Bomb", 1964, 5
"Honey, I Blew Up the Kid", 1992, 2
"I Know What You Did Last Summer", 1997, 1
"A.I. Artificial Intelligence", 2001, 4
"Honey, I Shrunk the Kids", 1989, 4
"I Am Legend", 2007, 3
"A Fish Called Wanda", 1988, 3
"Poltergeist", 1982, 3
"Back to the Future Part III", 1990, 4
"Back to the Future", 1985, 5
"Terminator 2: Judgment Day", 1991, 5
"The Terminator", 1984, 3
"The Terminal", 2004, 3
"Good Bye, Lenin!", 2004, 4
"Rambo III", 1988, 3
"Rambo: First Blood Part II", 1985, 3
"First Blood", 1982, 5
"Rambo (Rambo IV)", 2008, 3
"Office Space", 1999, 5
"28 Days Later", 2003, 5
"28 Weeks Later...", 2007, 3
"300", 2007, 5
"The Chronicles of Narnia: The Lion, The Witch and The Wardrobe", 2005, 2
"The Last Samurai", 2003, 3
"Fight Club", 1999, 5
"The Shining", 1980, 5
"Sin City", 2005, 3
"The Lion King 1 1/2", 2004, 3
"The Lion King", 1994, 5
"The Host", 2007, 3
"Tim Burton's Corpse Bride", 2005, 3
"Borat: Cultural Learnings of America for Make Benefit Glorious Nation of Kazakhstan", 2006, 4
"Léon: The Professional", 1994, 4
"Ghost Rider", 2007, 3
"Hard Candy", 2006, 5
"The Butterfly Effect 2", 2006, 4
"The Butterfly Effect", 2004, 5
"The Big Lebowski", 1998, 3
"Resident Evil: Extinction", 2007, 2
"Happy Gilmore", 1996, 3
"AVP - Alien Vs. Predator", 2004, 1
"Predator 2", 1990, 3
"Predator", 1987, 4
"Masters of the Universe", 1987, 2
"Ghostbusters (1984 Original)", 1984, 4
"Seven (Se7en)", 1995, 4
"Pi", 1998, 2
"Pan's Labyrinth", 2006, 3
"Spaceballs", 1987, 4
"Good Night, And Good Luck", 2005, 5
"Blade Runner", 1982, 5
"Monty Python's The Meaning of Life", 1983, 5
"Eternal Sunshine Of The Spotless Mind", 2004, 2
"Back to the Future Part II", 1989, 3
"Minority Report", 2002, 4
"The Incredible Hulk", 2008, 3
"Transformers", 2007, 3
"Presto", 2008, 4
"Short Circuit", 1986, 4
"Hancock", 2008, 3
"Akira", 1988, 5
"Fantastic Four", 2005, 2
"Batman Begins", 2005, 4
"The Dark Knight", 2008, 5
"Batman", 1989, 5
"Ratatouille", 2007, 5
"Spider-Man 2", 2004, 3
"X2: X-Men United", 2003, 3
"Iron Man", 2008, 5
"Signs", 2002, 3
"WALL-E", 2008, 5
"Mr. & Mrs. Smith", 2005, 2
"Over the Hedge", 2006, 3
"Ice Age", 2002, 2
"The Animatrix", 2003, 5
"Surf's Up", 2007, 5
"Rocky V", 1990, 4
"Catch Me If You Can", 2002, 4
"Madagascar", 2005, 3
"Monsters, Inc.", 2001, 4
"The Happening", 2008, 4
"Independence Day", 1996, 3
"Happy Feet", 2006, 3
"The Matrix Revolutions", 2003, 4
"The Italian Job", 2003, 3
"The Matrix Reloaded", 2003, 3
"Cloverfield", 2008, 5
"Ocean's Twelve", 2004, 4
"Star Wars: Episode I - The Phantom Menace", 1999, 2
"Star Wars: Episode II - Attack of the Clones", 2002, 3
"Star Wars: Episode IV - A New Hope", 1977, 3
"Star Wars: Episode V - The Empire Strikes Back", 1980, 5
"Star Wars: Episode VI - Return of the Jedi", 1983, 4
"Rocky IV", 1985, 3
"Rocky II", 1979, 4
"Rocky Balboa", 2006, 4
"Ocean's Thirteen", 2007, 5
"The Incredibles", 2004, 3
"Hitch", 2005, 3
"Finding Nemo", 2003, 5
"Charlie and the Chocolate Factory", 2005, 3
"Scary Movie", 2000, 2
"Ocean's Eleven", 2001, 5
"Pretty Woman", 1990, 3
"50 First Dates", 2004, 4
"E.T. The Extra-Terrestrial", 1982, 5
"Star Wars: Episode III - Revenge of the Sith", 2005, 5
"Gladiator", 2000, 4
"Bruce Almighty", 2003, 3
"There's Something About Mary", 1998, 4
"Meet the Fockers", 2004, 3
"Shrek 2", 2004, 3
"Braveheart", 1995, 4
"School of Rock", 2003, 4
"The Matrix", 1999, 5
"Spider-Man", 2002, 4
"Rocky", 1976, 5
"King Kong", 2005, 3
"Austin Powers in Goldmember", 2002, 1
"The Day After Tomorrow", 2004, 3
"White Chicks", 2004, 1
"Ace Ventura: Pet Detective", 1993, 2
"The Ring", 2002, 3
"Saw II", 2005, 2
"Titanic", 1997, 3
